Model,Accuracy,Log Loss,Brier,AUC
Cal-OptBlend All13+Odds,0.6829623458153654,0.5953126546625815,0.20520750992936543,0.7244226397039015
Raw-OptBlend All13+Odds,0.6829385744795627,0.595849411972464,0.20493928850502863,0.7259618288525614
Cal-OptBlend All9+Odds,0.6822574782572528,0.5959762885165415,0.20538249027363495,0.7241728557067326
Cal-OptBlend Best5+Odds,0.6828984706948369,0.5967372974095473,0.2055871680757686,0.7237360743368548
Raw-OptBlend All9+Odds,0.6859433821718705,0.5968196858086909,0.20532965375832907,0.72569464403754
Raw-OptBlend Best5+Odds,0.6792126396658225,0.597575017117723,0.20573482924508044,0.7247489807130842
Cal-OptBlend 3GBM+Odds,0.6807904155771889,0.5978658929154306,0.20575007541506213,0.7238540397186837
Cal-OptBlend GBM+RF+Odds,0.6819891013185686,0.597880323895777,0.20589840290890993,0.7232106261655054
Cal-OptBlend NoOdds3+Odds,0.6789875309618043,0.5984326072693861,0.20613182247012057,0.72336888240418
Raw-OptBlend GBM+RF+Odds,0.6798471574323199,0.5988309011785302,0.20602721626417406,0.7241848411759657
Raw-OptBlend 3GBM+Odds,0.6791455272097506,0.5990297252304705,0.20608624373490314,0.7242566247453813
Raw-OptBlend NoOdds3+Odds,0.6791487645452939,0.5995386535434544,0.2063886688705247,0.7226479457257803
Odds Implied,0.6800148656868963,0.5998911292006616,0.20662890475015866,0.7221601471181959
RandomForest,0.6813004933237758,0.6053025651404783,0.20864097770375545,0.7198782468097435
CatBoost,0.680686582443141,0.6077332062143032,0.2096872309757374,0.7149074438542571
XGBoost,0.6848355802223652,0.6077405971978012,0.2093215435743332,0.7204195712667467
LightGBM,0.6718740889299597,0.6079218462694445,0.20980076849892185,0.71456716455032
CAT_top30,0.67700715319961,0.608479673297229,0.209678000834103,0.7181801290817658
CAT_top50,0.6758625576865254,0.6087329485632813,0.21000245731635325,0.7149694998328291
ExtraTrees,0.6758420236862661,0.6089700021525506,0.21009098461383635,0.7189693991325354
XGB_top50,0.6799578706636223,0.6114372418867613,0.21100670658051968,0.716538469655154
LGB_top50,0.6653847146912497,0.6119841143316623,0.21163215802992125,0.7082472297226895
CAT_NoOdds,0.6666065400932042,0.6175819118551608,0.21396188113220455,0.7034749455465573
XGB_NoOdds,0.6737805470244307,0.6196106990141155,0.2145126573741436,0.7041474569837253
LGB_NoOdds,0.6620373112578715,0.6220307110273728,0.21609926918468852,0.6923754868527798
LogReg,0.6007148935802166,0.7851334132031733,0.26365212778293734,0.6462425723433212
