{
  "k_factor": 15.03717860346427,
  "home_advantage": 34.12199138482233,
  "season_reset_factor": 0.492432256608161,
  "mov_adjustment": "linear"
}